{
    "7_1_2": {
        "0": -8.112169277822689,
        "1": 0.0,
        "2": -10.900299406715313,
        "3": -9.291920413571196,
        "3": -10.6293184229591,
        "2": -11.324162358357736,
        "0": -9.371423163754349
    },
    "7_3_2": {
        "0": -11.080633537491028,
        "1": -10.116400526951574,
        "2": -17.45973006211972,
        "3": -9.161881663577862,
        "1": -12.498825614987048,
        "3": -10.744460770002899,
        "2": -19.912359887815335,
        "0": -14.4412167343194
    },
    "8_3_2": {
        "0": -14.349215178581385,
        "1": -9.785543739558328,
        "2": -20.40376462260538,
        "3": -11.123761013352878,
        "3": -12.38732001497369,
        "1": -11.607136520415295,
        "2": -24.037320661255517,
        "0": -17.61107014781213
    },
    "9_3_2": {
        "0": -18.70485903104519,
        "1": -15.897223787515134,
        "2": -27.077048850186653,
        "3": -19.503079603059238,
        "3": -17.44790740942825,
        "1": -17.783636021810302,
        "2": -29.245472819736364,
        "0": -20.272679317321114
    },
    "10_3_2": {
        "0": -31.24686913609154,
        "1": -30.48701495199278,
        "2": -37.0937168092407,
        "3": -23.948736583695,
        "1": -30.589577250585986,
        "2": -34.66230770149276,
        "0": -35.554897197046614,
        "3": -27.38705306770444
    },
    "6_1_2": {
        "0": -6.7990398742623315,
        "1": 0.0,
        "2": -8.935805038766448,
        "3": -7.93050655584334,
        "0": -7.762821149837724,
        "2": -9.957203206498905,
        "3": -9.468422179437894
    },
    "6_3_2": {
        "0": -10.596877040910462,
        "1": -7.741337429825077,
        "2": -14.936740658903759,
        "3": -7.988367778664264,
        "1": -9.12550043989065,
        "0": -12.428554149464686,
        "2": -15.626546759416598,
        "3": -9.706616682531
    },
    "5_3_2": {
        "0": -8.950651563520742,
        "1": -8.02534718937406,
        "2": -12.134505378563885,
        "3": -7.41519448513023,
        "3": -8.010436917026558,
        "2": -12.651037736520717,
        "1": -8.63354768861727,
        "0": -9.939933878464423
    },
    "5_1_2": {
        "0": -6.243136442715807,
        "1": 0.0,
        "2": -7.961835976953274,
        "3": -7.256418447486649,
        "2": -8.834205826653836,
        "3": -7.819638010670183,
        "0": -6.87688118806324
    },
    "4_3_2": {
        "0": -8.070256620805125,
        "1": -7.2492295762461465,
        "2": -9.025055476795325,
        "3": -6.8695150870373425,
        "2": -10.750744934581778,
        "3": -7.579859309306896,
        "1": -8.050090496990151,
        "0": -8.52732096327312
    },
    "8_1_2": {
        "0": -9.245335575014378,
        "1": 0.0,
        "2": -12.822244782865223,
        "3": -12.474789050160659,
        "0": -10.4328853353554,
        "2": -12.717655968143484,
        "3": -12.355431348613852
    },
    "9_1_2": {
        "0": -11.37637275988983,
        "1": 0.0,
        "2": -18.334436490640545,
        "3": -19.2885100924875,
        "3": -17.34997491016658,
        "2": -19.00173759137356,
        "0": -13.445324841591294
    },
    "4_1_2": {
        "0": 0.0,
        "1": 0.0,
        "2": -6.761958165811347,
        "3": -7.233618570841483,
        "2": -7.980993750247551,
        "3": -7.379629439564054
    },
    "3_3_2": {
        "0": -5.643707173781642,
        "1": -7.075208550171668,
        "2": -8.182660515494755,
        "3": -6.468560921662265,
        "2": -9.266909428792815,
        "3": -6.591380515075457,
        "1": -7.315977031853673,
        "0": -6.686404442072388
    },
    "2_3_2": {
        "0": -2.468152476714784,
        "1": -5.639939151995593,
        "2": -7.320068560100653,
        "3": -5.409757483486985,
        "3": -5.677012282409671,
        "2": -8.140788303600562,
        "1": -6.313923995036154,
        "0": -1.3498260588572557
    },
    "10_1_2": {
        "0": -15.381924328269326,
        "1": 0.0,
        "2": -22.19428673125145,
        "3": -22.051819475845292,
        "3": -23.93409234552308,
        "2": -24.38024970792359,
        "0": -16.22082826397132
    },
    "1_3_2": {
        "0": 0.0,
        "1": 0.0,
        "2": -5.572251822136554,
        "3": 0.0,
        "2": -6.145491116580108
    }
}